{"cameraMode":{"drawMode":0,"name":"Shaded","section":"Shading Mode"},"sceneLighting":false,"audioPlay":false,"sceneViewState":{"showFog":true,"showMaterialUpdate":false,"showSkybox":true,"showFlares":true,"showImageEffects":true,"showParticleSystems":true},"in2DMode":false,"pivot":{"x":3.198697090148926,"y":1.0107901096343995,"z":6.343255519866943},"rotation":{"x":-0.20012708008289338,"y":-0.5241562724113464,"z":0.12826396524906159,"w":-0.8177761435508728},"size":5.03376579284668,"orthographic":true}