{"cameraMode":{"drawMode":0,"name":"Shaded","section":"Shading Mode"},"sceneLighting":false,"audioPlay":false,"sceneViewState":{"showFog":true,"showMaterialUpdate":false,"showSkybox":true,"showFlares":true,"showImageEffects":true,"showParticleSystems":true},"in2DMode":false,"pivot":{"x":7.9725341796875,"y":-0.01824951171875,"z":0.2060546875},"rotation":{"x":-0.05096639692783356,"y":0.02098422311246395,"z":-0.0010780830634757877,"w":-0.9984793066978455},"size":4.010416030883789,"orthographic":true}