{"cameraMode":{"drawMode":0,"name":"Shaded","section":"Shading Mode"},"sceneLighting":false,"audioPlay":false,"sceneViewState":{"showFog":true,"showMaterialUpdate":false,"showSkybox":true,"showFlares":true,"showImageEffects":true,"showParticleSystems":true},"in2DMode":false,"pivot":{"x":6.648860931396484,"y":0.4463280439376831,"z":-3.9515380859375},"rotation":{"x":-0.03149450942873955,"y":0.00001347346551483497,"z":-0.000008158711352734827,"w":-0.9995039105415344},"size":2.0347654819488527,"orthographic":true}