{"cameraMode":{"drawMode":0,"name":"Shaded","section":"Shading Mode"},"sceneLighting":false,"audioPlay":false,"sceneViewState":{"showFog":true,"showMaterialUpdate":false,"showSkybox":true,"showFlares":true,"showImageEffects":true,"showParticleSystems":true},"in2DMode":false,"pivot":{"x":-6.26332950592041,"y":0.37717196345329287,"z":4.822109699249268},"rotation":{"x":-0.06874402612447739,"y":-0.07623042166233063,"z":0.005260504316538572,"w":-0.9947037696838379},"size":0.38524147868156435,"orthographic":true}