{"cameraMode":{"drawMode":0,"name":"Shaded","section":"Shading Mode"},"sceneLighting":false,"audioPlay":false,"sceneViewState":{"showFog":true,"showMaterialUpdate":false,"showSkybox":true,"showFlares":true,"showImageEffects":true,"showParticleSystems":true},"in2DMode":false,"pivot":{"x":-5.552026748657227,"y":0.14500005543231965,"z":0.044606104493141177},"rotation":{"x":-0.01947835274040699,"y":0.04498971253633499,"z":-0.0008847550489008427,"w":-0.9987972378730774},"size":1.7969739437103272,"orthographic":true}