{"cameraMode":{"drawMode":0,"name":"Shaded","section":"Shading Mode"},"sceneLighting":false,"audioPlay":false,"sceneViewState":{"showFog":true,"showMaterialUpdate":false,"showSkybox":true,"showFlares":true,"showImageEffects":true,"showParticleSystems":true},"in2DMode":false,"pivot":{"x":-0.8787841796875,"y":2.8388671875,"z":-1.41845703125},"rotation":{"x":-0.19518853724002839,"y":-0.02205418422818184,"z":0.0043823071755468849,"w":-0.9805079102516174},"size":4.1464385986328129,"orthographic":true}