{"cameraMode":{"drawMode":0,"name":"Shaded","section":"Shading Mode"},"sceneLighting":false,"audioPlay":false,"sceneViewState":{"showFog":true,"showMaterialUpdate":false,"showSkybox":true,"showFlares":true,"showImageEffects":true,"showParticleSystems":true},"in2DMode":false,"pivot":{"x":4.263848304748535,"y":0.3318263292312622,"z":0.505526065826416},"rotation":{"x":-0.2704292833805084,"y":0.15370865166187287,"z":-0.04379182308912277,"w":-0.9493808150291443},"size":5.514501571655273,"orthographic":true}