{"cameraMode":{"drawMode":0,"name":"Shaded","section":"Shading Mode"},"sceneLighting":false,"audioPlay":false,"sceneViewState":{"showFog":true,"showMaterialUpdate":false,"showSkybox":true,"showFlares":true,"showImageEffects":true,"showParticleSystems":true},"in2DMode":false,"pivot":{"x":-1.8836970329284669,"y":0.3900758624076843,"z":0.9309889674186707},"rotation":{"x":-0.19233764708042146,"y":0.32694292068481448,"z":-0.06815613806247711,"w":-0.9227510094642639},"size":4.484869480133057,"orthographic":true}