{"cameraMode":{"drawMode":0,"name":"Shaded","section":"Shading Mode"},"sceneLighting":false,"audioPlay":false,"sceneViewState":{"showFog":true,"showMaterialUpdate":false,"showSkybox":true,"showFlares":true,"showImageEffects":true,"showParticleSystems":true},"in2DMode":false,"pivot":{"x":3.8165245056152345,"y":0.21168550848960877,"z":-0.17646393179893495},"rotation":{"x":0.05118146911263466,"y":0.9396848082542419,"z":-0.2968674302101135,"w":0.1619960218667984},"size":2.2079763412475588,"orthographic":true}