{"cameraMode":{"drawMode":0,"name":"Shaded","section":"Shading Mode"},"sceneLighting":false,"audioPlay":false,"sceneViewState":{"showFog":true,"showMaterialUpdate":false,"showSkybox":true,"showFlares":true,"showImageEffects":true,"showParticleSystems":true},"in2DMode":false,"pivot":{"x":-3.3538818359375,"y":1.53778076171875,"z":6.7373046875},"rotation":{"x":-0.13783685863018037,"y":0.13035084307193757,"z":-0.01831054873764515,"w":-0.9816691875457764},"size":2.40289306640625,"orthographic":true}