{"cameraMode":{"drawMode":0,"name":"Shaded","section":"Shading Mode"},"sceneLighting":false,"audioPlay":false,"sceneViewState":{"showFog":true,"showMaterialUpdate":false,"showSkybox":true,"showFlares":true,"showImageEffects":true,"showParticleSystems":true},"in2DMode":false,"pivot":{"x":1.034393310546875,"y":0.37646484375,"z":-3.22540283203125},"rotation":{"x":0.05896513909101486,"y":-0.6342308521270752,"z":0.04862060770392418,"w":0.7693570852279663},"size":3.218191146850586,"orthographic":true}