{"cameraMode":{"drawMode":0,"name":"Shaded","section":"Shading Mode"},"sceneLighting":false,"audioPlay":false,"sceneViewState":{"showFog":true,"showMaterialUpdate":false,"showSkybox":true,"showFlares":true,"showImageEffects":true,"showParticleSystems":true},"in2DMode":false,"pivot":{"x":1.1714874505996705,"y":0.17314346134662629,"z":-0.11698968708515167},"rotation":{"x":-0.13835017383098603,"y":0.7153246998786926,"z":-0.14799030125141145,"w":-0.6687815189361572},"size":2.3454537391662599,"orthographic":true}