{"cameraMode":{"drawMode":0,"name":"Shaded","section":"Shading Mode"},"sceneLighting":false,"audioPlay":false,"sceneViewState":{"showFog":true,"showMaterialUpdate":false,"showSkybox":true,"showFlares":true,"showImageEffects":true,"showParticleSystems":true},"in2DMode":false,"pivot":{"x":2.665235757827759,"y":6.51359224319458,"z":8.148049354553223},"rotation":{"x":-0.13104818761348725,"y":-0.09204556047916413,"z":0.01221387553960085,"w":-0.9870182275772095},"size":19.116003036499025,"orthographic":false}