{"cameraMode":{"drawMode":0,"name":"Shaded","section":"Shading Mode"},"sceneLighting":false,"audioPlay":false,"sceneViewState":{"showFog":true,"showMaterialUpdate":false,"showSkybox":true,"showFlares":true,"showImageEffects":true,"showParticleSystems":true},"in2DMode":false,"pivot":{"x":-2.4305052757263185,"y":-4.110067844390869,"z":-1.2264063358306885},"rotation":{"x":-0.05634135752916336,"y":-0.34179967641830447,"z":0.020525624975562097,"w":-0.9378578662872315},"size":4.1155571937561039,"orthographic":true}