{"cameraMode":{"drawMode":0,"name":"Shaded","section":"Shading Mode"},"sceneLighting":false,"audioPlay":false,"sceneViewState":{"showFog":true,"showMaterialUpdate":false,"showSkybox":true,"showFlares":true,"showImageEffects":true,"showParticleSystems":true},"in2DMode":false,"pivot":{"x":8.0,"y":5.960464477539063e-8,"z":0.22500000894069673},"rotation":{"x":-0.04458317533135414,"y":0.13298210501670838,"z":-0.005995525512844324,"w":-0.9900971055030823},"size":8.885904312133789,"orthographic":true}