{"cameraMode":{"drawMode":0,"name":"Shaded","section":"Shading Mode"},"sceneLighting":false,"audioPlay":false,"sceneViewState":{"showFog":true,"showMaterialUpdate":false,"showSkybox":true,"showFlares":true,"showImageEffects":true,"showParticleSystems":true},"in2DMode":false,"pivot":{"x":0.93939208984375,"y":1.970703125,"z":2.416015625},"rotation":{"x":0.08538006246089935,"y":-0.018849007785320283,"z":0.0016245375154539943,"w":0.996168851852417},"size":4.328505992889404,"orthographic":true}