{"cameraMode":{"drawMode":0,"name":"Shaded","section":"Shading Mode"},"sceneLighting":false,"audioPlay":false,"sceneViewState":{"showFog":true,"showMaterialUpdate":false,"showSkybox":true,"showFlares":true,"showImageEffects":true,"showParticleSystems":true},"in2DMode":false,"pivot":{"x":4.263848304748535,"y":0.33182641863822939,"z":0.505526065826416},"rotation":{"x":-0.21697120368480683,"y":-0.16598080098628999,"z":0.03745707497000694,"w":-0.9612340331077576},"size":5.514502048492432,"orthographic":true}