{"cameraMode":{"drawMode":0,"name":"Shaded","section":"Shading Mode"},"sceneLighting":false,"audioPlay":false,"sceneViewState":{"showFog":true,"showMaterialUpdate":false,"showSkybox":true,"showFlares":true,"showImageEffects":true,"showParticleSystems":true},"in2DMode":false,"pivot":{"x":-3.004063606262207,"y":1.512442946434021,"z":6.676621913909912},"rotation":{"x":-0.08421627432107926,"y":0.5919203758239746,"z":-0.062386829406023028,"w":-0.799153208732605},"size":1.9375261068344117,"orthographic":true}