{"cameraMode":{"drawMode":0,"name":"Shaded","section":"Shading Mode"},"sceneLighting":false,"audioPlay":false,"sceneViewState":{"showFog":true,"showMaterialUpdate":false,"showSkybox":true,"showFlares":true,"showImageEffects":true,"showParticleSystems":true},"in2DMode":false,"pivot":{"x":-5.5515265464782719,"y":0.14699237048625947,"z":0.04460611939430237},"rotation":{"x":0.20799264311790467,"y":-0.3017765283584595,"z":0.06764914840459824,"w":0.9279513359069824},"size":1.7662070989608765,"orthographic":true}