{"cameraMode":{"drawMode":0,"name":"Shaded","section":"Shading Mode"},"sceneLighting":false,"audioPlay":false,"sceneViewState":{"showFog":true,"showMaterialUpdate":false,"showSkybox":true,"showFlares":true,"showImageEffects":true,"showParticleSystems":true},"in2DMode":false,"pivot":{"x":4.287109375,"y":0.24365234375,"z":0.359619140625},"rotation":{"x":-0.15147803723812104,"y":-0.4769231677055359,"z":0.08382215350866318,"w":-0.8617265224456787},"size":2.2898638248443605,"orthographic":true}