{"cameraMode":{"drawMode":0,"name":"Shaded","section":"Shading Mode"},"sceneLighting":false,"audioPlay":false,"sceneViewState":{"showFog":true,"showMaterialUpdate":false,"showSkybox":true,"showFlares":true,"showImageEffects":true,"showParticleSystems":true},"in2DMode":false,"pivot":{"x":-2.050048828125,"y":0.2005615234375,"z":-0.99560546875},"rotation":{"x":0.027750685811042787,"y":0.9605331420898438,"z":-0.256550133228302,"w":0.1038660854101181},"size":1.229174256324768,"orthographic":true}