{"cameraMode":{"drawMode":0,"name":"Shaded","section":"Shading Mode"},"sceneLighting":false,"audioPlay":false,"sceneViewState":{"showFog":true,"showMaterialUpdate":false,"showSkybox":true,"showFlares":true,"showImageEffects":true,"showParticleSystems":true},"in2DMode":false,"pivot":{"x":-11.788543701171875,"y":0.0,"z":37.39028549194336},"rotation":{"x":-0.013490982353687287,"y":-0.03597605600953102,"z":0.0004789311205968261,"w":-0.9992615580558777},"size":1225.1077880859375,"orthographic":true}