{"cameraMode":{"drawMode":0,"name":"Shaded","section":"Shading Mode"},"sceneLighting":false,"audioPlay":false,"sceneViewState":{"showFog":true,"showMaterialUpdate":false,"showSkybox":true,"showFlares":true,"showImageEffects":true,"showParticleSystems":true},"in2DMode":false,"pivot":{"x":-0.478363037109375,"y":1.2116851806640626,"z":1.81298828125},"rotation":{"x":-0.022387122735381128,"y":0.09882613271474838,"z":-0.0022306947503238918,"w":-0.9948503971099854},"size":2.483625650405884,"orthographic":true}