{"cameraMode":{"drawMode":0,"name":"Shaded","section":"Shading Mode"},"sceneLighting":false,"audioPlay":false,"sceneViewState":{"showFog":true,"showMaterialUpdate":false,"showSkybox":true,"showFlares":true,"showImageEffects":true,"showParticleSystems":true},"in2DMode":false,"pivot":{"x":-5.5093488693237309,"y":0.33031797409057619,"z":1.1079493761062623},"rotation":{"x":-0.23769153654575349,"y":0.35145971179008486,"z":-0.092751145362854,"w":-0.9007641673088074},"size":3.004087209701538,"orthographic":true}