{"cameraMode":{"drawMode":0,"name":"Shaded","section":"Shading Mode"},"sceneLighting":false,"audioPlay":false,"sceneViewState":{"showFog":true,"showMaterialUpdate":false,"showSkybox":true,"showFlares":true,"showImageEffects":true,"showParticleSystems":true},"in2DMode":false,"pivot":{"x":6.904956340789795,"y":0.5654466152191162,"z":2.439274549484253},"rotation":{"x":-0.20012708008289338,"y":-0.5241562724113464,"z":0.12826396524906159,"w":-0.8177761435508728},"size":2.3747613430023195,"orthographic":true}