{"cameraMode":{"drawMode":0,"name":"Shaded","section":"Shading Mode"},"sceneLighting":false,"audioPlay":false,"sceneViewState":{"showFog":true,"showMaterialUpdate":false,"showSkybox":true,"showFlares":true,"showImageEffects":true,"showParticleSystems":true},"in2DMode":false,"pivot":{"x":1.0986980199813843,"y":0.3318262994289398,"z":-1.224778652191162},"rotation":{"x":-0.21697120368480683,"y":-0.16598080098628999,"z":0.03745707497000694,"w":-0.9612340331077576},"size":3.8187508583068849,"orthographic":true}