{"cameraMode":{"drawMode":0,"name":"Shaded","section":"Shading Mode"},"sceneLighting":false,"audioPlay":false,"sceneViewState":{"showFog":true,"showMaterialUpdate":false,"showSkybox":true,"showFlares":true,"showImageEffects":true,"showParticleSystems":true},"in2DMode":false,"pivot":{"x":0.728729248046875,"y":1.04541015625,"z":2.51220703125},"rotation":{"x":-0.14787454903125764,"y":-0.03262029215693474,"z":0.004869541153311729,"w":-0.9884560108184815},"size":4.060717582702637,"orthographic":true}