{"cameraMode":{"drawMode":0,"name":"Shaded","section":"Shading Mode"},"sceneLighting":false,"audioPlay":false,"sceneViewState":{"showFog":true,"showMaterialUpdate":false,"showSkybox":true,"showFlares":true,"showImageEffects":true,"showParticleSystems":true},"in2DMode":false,"pivot":{"x":-1.4177781343460084,"y":2.071892023086548,"z":6.587125778198242},"rotation":{"x":0.15603403747081757,"y":-0.7757870554924011,"z":0.21095693111419679,"w":0.5738509893417358},"size":1.0539292097091675,"orthographic":true}