{"cameraMode":{"drawMode":0,"name":"Shaded","section":"Shading Mode"},"sceneLighting":false,"audioPlay":false,"sceneViewState":{"showFog":true,"showMaterialUpdate":false,"showSkybox":true,"showFlares":true,"showImageEffects":true,"showParticleSystems":true},"in2DMode":false,"pivot":{"x":-4.3582000732421879,"y":0.7741906642913818,"z":6.357564449310303},"rotation":{"x":0.15603403747081757,"y":-0.7757870554924011,"z":0.21095693111419679,"w":0.5738509893417358},"size":2.6752963066101076,"orthographic":true}