{"cameraMode":{"drawMode":0,"name":"Shaded","section":"Shading Mode"},"sceneLighting":false,"audioPlay":false,"sceneViewState":{"showFog":true,"showMaterialUpdate":false,"showSkybox":true,"showFlares":true,"showImageEffects":true,"showParticleSystems":true},"in2DMode":false,"pivot":{"x":-1.8806352615356446,"y":0.21938906610012055,"z":-0.07281666994094849},"rotation":{"x":0.2697722911834717,"y":0.2703504264354706,"z":-0.07919877767562866,"w":0.9207937717437744},"size":1.1588937044143677,"orthographic":true}