{"cameraMode":{"drawMode":0,"name":"Shaded","section":"Shading Mode"},"sceneLighting":false,"audioPlay":false,"sceneViewState":{"showFog":true,"showMaterialUpdate":false,"showSkybox":true,"showFlares":true,"showImageEffects":true,"showParticleSystems":true},"in2DMode":false,"pivot":{"x":-4.373892784118652,"y":0.4759123921394348,"z":3.0803964138031008},"rotation":{"x":-0.15475142002105714,"y":-0.4098838269710541,"z":0.0707741379737854,"w":-0.896124005317688},"size":2.058267831802368,"orthographic":true}