{"cameraMode":{"drawMode":0,"name":"Shaded","section":"Shading Mode"},"sceneLighting":false,"audioPlay":false,"sceneViewState":{"showFog":true,"showMaterialUpdate":false,"showSkybox":true,"showFlares":true,"showImageEffects":true,"showParticleSystems":true},"in2DMode":false,"pivot":{"x":-2.9233226776123049,"y":0.14956602454185487,"z":4.841899871826172},"rotation":{"x":-0.16776475310325623,"y":0.3809470236301422,"z":-0.07051075249910355,"w":-0.9065112471580505},"size":3.5569498538970949,"orthographic":true}