{"cameraMode":{"drawMode":0,"name":"Shaded","section":"Shading Mode"},"sceneLighting":false,"audioPlay":false,"sceneViewState":{"showFog":true,"showMaterialUpdate":false,"showSkybox":true,"showFlares":true,"showImageEffects":true,"showParticleSystems":true},"in2DMode":false,"pivot":{"x":1.1714874505996705,"y":0.17314346134662629,"z":-0.11698968708515167},"rotation":{"x":0.07958807796239853,"y":-0.9094906449317932,"z":0.2052934169769287,"w":0.35262906551361086},"size":2.3454537391662599,"orthographic":true}