{"cameraMode":{"drawMode":0,"name":"Shaded","section":"Shading Mode"},"sceneLighting":false,"audioPlay":false,"sceneViewState":{"showFog":true,"showMaterialUpdate":false,"showSkybox":true,"showFlares":true,"showImageEffects":true,"showParticleSystems":true},"in2DMode":false,"pivot":{"x":-3.583204984664917,"y":0.39007601141929629,"z":-0.2864593267440796},"rotation":{"x":-0.03149450942873955,"y":0.00001347346551483497,"z":-0.000008158711352734827,"w":-0.9995039105415344},"size":2.8563075065612795,"orthographic":true}