{"cameraMode":{"drawMode":0,"name":"Shaded","section":"Shading Mode"},"sceneLighting":false,"audioPlay":false,"sceneViewState":{"showFog":true,"showMaterialUpdate":false,"showSkybox":true,"showFlares":true,"showImageEffects":true,"showParticleSystems":true},"in2DMode":false,"pivot":{"x":-1.4228515625,"y":1.17529296875,"z":2.496826171875},"rotation":{"x":-0.06874402612447739,"y":-0.07623042166233063,"z":0.005260504316538572,"w":-0.9947037696838379},"size":3.3895909786224367,"orthographic":true}