{"cameraMode":{"drawMode":0,"name":"Shaded","section":"Shading Mode"},"sceneLighting":false,"audioPlay":false,"sceneViewState":{"showFog":true,"showMaterialUpdate":false,"showSkybox":true,"showFlares":true,"showImageEffects":true,"showParticleSystems":true},"in2DMode":false,"pivot":{"x":3.8165245056152345,"y":0.21168550848960877,"z":-0.17646393179893495},"rotation":{"x":-0.020705049857497217,"y":-0.9670231342315674,"z":0.23972299695014954,"w":-0.08348952978849411},"size":2.2079763412475588,"orthographic":true}