{"cameraMode":{"drawMode":0,"name":"Shaded","section":"Shading Mode"},"sceneLighting":false,"audioPlay":false,"sceneViewState":{"showFog":true,"showMaterialUpdate":false,"showSkybox":true,"showFlares":true,"showImageEffects":true,"showParticleSystems":true},"in2DMode":false,"pivot":{"x":0.8453761339187622,"y":1.1855528354644776,"z":0.7442230582237244},"rotation":{"x":0.08281414955854416,"y":0.8608733415603638,"z":-0.14865610003471375,"w":0.4795209467411041},"size":1.951185703277588,"orthographic":true}