{"cameraMode":{"drawMode":0,"name":"Shaded","section":"Shading Mode"},"sceneLighting":false,"audioPlay":false,"sceneViewState":{"showFog":true,"showMaterialUpdate":false,"showSkybox":true,"showFlares":true,"showImageEffects":true,"showParticleSystems":true},"in2DMode":false,"pivot":{"x":1.1416038274765015,"y":0.3782983422279358,"z":-3.300374984741211},"rotation":{"x":-0.10058232396841049,"y":-0.8938524127006531,"z":0.2517136037349701,"w":-0.357143372297287},"size":3.218191146850586,"orthographic":true}