{"cameraMode":{"drawMode":0,"name":"Shaded","section":"Shading Mode"},"sceneLighting":false,"audioPlay":false,"sceneViewState":{"showFog":true,"showMaterialUpdate":false,"showSkybox":true,"showFlares":true,"showImageEffects":true,"showParticleSystems":true},"in2DMode":false,"pivot":{"x":-1.1098568439483643,"y":1.0277587175369263,"z":2.482728958129883},"rotation":{"x":0.002989486325532198,"y":0.08447786420583725,"z":-0.000245667906710878,"w":0.9964208602905273},"size":2.040322780609131,"orthographic":true}