{"cameraMode":{"drawMode":0,"name":"Shaded","section":"Shading Mode"},"sceneLighting":false,"audioPlay":false,"sceneViewState":{"showFog":true,"showMaterialUpdate":false,"showSkybox":true,"showFlares":true,"showImageEffects":true,"showParticleSystems":true},"in2DMode":false,"pivot":{"x":-5.28076171875,"y":0.57476806640625,"z":0.687744140625},"rotation":{"x":-0.14378990232944489,"y":-0.4133951961994171,"z":0.0662798136472702,"w":-0.8966805338859558},"size":1.5124198198318482,"orthographic":true}