{"cameraMode":{"drawMode":0,"name":"Shaded","section":"Shading Mode"},"sceneLighting":false,"audioPlay":false,"sceneViewState":{"showFog":true,"showMaterialUpdate":false,"showSkybox":true,"showFlares":true,"showImageEffects":true,"showParticleSystems":true},"in2DMode":false,"pivot":{"x":6.610649585723877,"y":0.5940399169921875,"z":-3.9677734375},"rotation":{"x":-0.018557582050561906,"y":0.9793165922164917,"z":-0.10618042200803757,"w":-0.17123198509216309},"size":2.0347659587860109,"orthographic":true}