{"cameraMode":{"drawMode":0,"name":"Shaded","section":"Shading Mode"},"sceneLighting":false,"audioPlay":false,"sceneViewState":{"showFog":true,"showMaterialUpdate":false,"showSkybox":true,"showFlares":true,"showImageEffects":true,"showParticleSystems":true},"in2DMode":false,"pivot":{"x":-2.3391377925872804,"y":0.5280306935310364,"z":2.9405996799468996},"rotation":{"x":-0.15475142002105714,"y":-0.4098838269710541,"z":0.0707741379737854,"w":-0.896124005317688},"size":2.5331122875213625,"orthographic":true}