{"cameraMode":{"drawMode":0,"name":"Shaded","section":"Shading Mode"},"sceneLighting":false,"audioPlay":false,"sceneViewState":{"showFog":true,"showMaterialUpdate":false,"showSkybox":true,"showFlares":true,"showImageEffects":true,"showParticleSystems":true},"in2DMode":false,"pivot":{"x":-6.583595275878906,"y":0.2747863829135895,"z":4.819457054138184},"rotation":{"x":-0.09321875870227814,"y":-0.8837400674819946,"z":0.19947406649589539,"w":-0.4129454791545868},"size":2.5321717262268068,"orthographic":true}