{"cameraMode":{"drawMode":0,"name":"Shaded","section":"Shading Mode"},"sceneLighting":false,"audioPlay":false,"sceneViewState":{"showFog":true,"showMaterialUpdate":false,"showSkybox":true,"showFlares":true,"showImageEffects":true,"showParticleSystems":true},"in2DMode":false,"pivot":{"x":4.712456703186035,"y":0.4743554890155792,"z":3.25004243850708},"rotation":{"x":-0.14027978479862214,"y":0.059381987899541858,"z":-0.008434044197201729,"w":-0.9882936477661133},"size":5.2712860107421879,"orthographic":true}