{"cameraMode":{"drawMode":0,"name":"Shaded","section":"Shading Mode"},"sceneLighting":false,"audioPlay":false,"sceneViewState":{"showFog":true,"showMaterialUpdate":false,"showSkybox":true,"showFlares":true,"showImageEffects":true,"showParticleSystems":true},"in2DMode":false,"pivot":{"x":-7.017704963684082,"y":0.33031797409057619,"z":0.0502285361289978},"rotation":{"x":-0.0955226942896843,"y":0.8788645267486572,"z":-0.19838076829910279,"w":-0.4232230484485626},"size":2.082049608230591,"orthographic":true}