{"cameraMode":{"drawMode":0,"name":"Shaded","section":"Shading Mode"},"sceneLighting":false,"audioPlay":false,"sceneViewState":{"showFog":true,"showMaterialUpdate":false,"showSkybox":true,"showFlares":true,"showImageEffects":true,"showParticleSystems":true},"in2DMode":false,"pivot":{"x":-1.9105961322784424,"y":0.18231073021888734,"z":-1.1177432537078858},"rotation":{"x":-0.10506182163953781,"y":0.8789914846420288,"z":-0.2277265340089798,"w":-0.40555721521377566},"size":2.3466408252716066,"orthographic":true}