{"cameraMode":{"drawMode":0,"name":"Shaded","section":"Shading Mode"},"sceneLighting":false,"audioPlay":false,"sceneViewState":{"showFog":true,"showMaterialUpdate":false,"showSkybox":true,"showFlares":true,"showImageEffects":true,"showParticleSystems":true},"in2DMode":false,"pivot":{"x":6.863437652587891,"y":1.1822319030761719,"z":-5.045841693878174},"rotation":{"x":-0.031494513154029849,"y":0.000013473466424329672,"z":-0.000008158712262229528,"w":-0.9995039701461792},"size":1.5386765003204346,"orthographic":true}