{"cameraMode":{"drawMode":0,"name":"Shaded","section":"Shading Mode"},"sceneLighting":false,"audioPlay":false,"sceneViewState":{"showFog":true,"showMaterialUpdate":false,"showSkybox":true,"showFlares":true,"showImageEffects":true,"showParticleSystems":true},"in2DMode":false,"pivot":{"x":1.0986981391906739,"y":0.3318262994289398,"z":-1.224778652191162},"rotation":{"x":-0.03688458725810051,"y":0.9599718451499939,"z":-0.23187214136123658,"w":-0.1527380645275116},"size":3.8187496662139894,"orthographic":true}