{"cameraMode":{"drawMode":0,"name":"Shaded","section":"Shading Mode"},"sceneLighting":false,"audioPlay":false,"sceneViewState":{"showFog":true,"showMaterialUpdate":false,"showSkybox":true,"showFlares":true,"showImageEffects":true,"showParticleSystems":true},"in2DMode":false,"pivot":{"x":1.1416038274765015,"y":0.3782983422279358,"z":-3.300374984741211},"rotation":{"x":0.05870707705616951,"y":-0.7540732026100159,"z":0.06805610656738281,"w":0.6506115794181824},"size":3.218191385269165,"orthographic":true}