{"cameraMode":{"drawMode":0,"name":"Shaded","section":"Shading Mode"},"sceneLighting":false,"audioPlay":false,"sceneViewState":{"showFog":true,"showMaterialUpdate":false,"showSkybox":true,"showFlares":true,"showImageEffects":true,"showParticleSystems":true},"in2DMode":false,"pivot":{"x":3.4376258850097658,"y":0.42786043882369997,"z":-3.9956271648406984},"rotation":{"x":-0.08421627432107926,"y":0.5919203758239746,"z":-0.062386829406023028,"w":-0.799153208732605},"size":2.433825731277466,"orthographic":true}