{"cameraMode":{"drawMode":0,"name":"Shaded","section":"Shading Mode"},"sceneLighting":false,"audioPlay":false,"sceneViewState":{"showFog":true,"showMaterialUpdate":false,"showSkybox":true,"showFlares":true,"showImageEffects":true,"showParticleSystems":true},"in2DMode":false,"pivot":{"x":-1.8806352615356446,"y":0.21938906610012055,"z":-0.07281666994094849},"rotation":{"x":0.20799264311790467,"y":-0.3017765283584595,"z":0.06764914840459824,"w":0.9279513359069824},"size":2.6652841567993166,"orthographic":true}