{"cameraMode":{"drawMode":0,"name":"Shaded","section":"Shading Mode"},"sceneLighting":false,"audioPlay":false,"sceneViewState":{"showFog":true,"showMaterialUpdate":false,"showSkybox":true,"showFlares":true,"showImageEffects":true,"showParticleSystems":true},"in2DMode":false,"pivot":{"x":6.904956817626953,"y":0.7419394254684448,"z":4.259449005126953},"rotation":{"x":-0.07082092761993408,"y":0.6827675700187683,"z":-0.06678710132837296,"w":-0.7241218090057373},"size":2.857339382171631,"orthographic":true}