{"cameraMode":{"drawMode":0,"name":"Shaded","section":"Shading Mode"},"sceneLighting":false,"audioPlay":false,"sceneViewState":{"showFog":true,"showMaterialUpdate":false,"showSkybox":true,"showFlares":true,"showImageEffects":true,"showParticleSystems":true},"in2DMode":false,"pivot":{"x":-0.39593505859375,"y":1.19293212890625,"z":0.59423828125},"rotation":{"x":-0.023995179682970048,"y":-0.017413126304745675,"z":-0.00041630680789239705,"w":0.9995603561401367},"size":3.5194854736328127,"orthographic":true}