{"cameraMode":{"drawMode":0,"name":"Shaded","section":"Shading Mode"},"sceneLighting":false,"audioPlay":false,"sceneViewState":{"showFog":true,"showMaterialUpdate":false,"showSkybox":true,"showFlares":true,"showImageEffects":true,"showParticleSystems":true},"in2DMode":false,"pivot":{"x":-5.619999885559082,"y":2.5199997425079347,"z":10.354966163635254},"rotation":{"x":-0.2145574539899826,"y":0.5300880074501038,"z":-0.14073796570301057,"w":-0.8081860542297363},"size":3.6947717666625978,"orthographic":true}