{"cameraMode":{"drawMode":0,"name":"Shaded","section":"Shading Mode"},"sceneLighting":false,"audioPlay":false,"sceneViewState":{"showFog":true,"showMaterialUpdate":false,"showSkybox":true,"showFlares":true,"showImageEffects":true,"showParticleSystems":true},"in2DMode":false,"pivot":{"x":-0.66455078125,"y":0.5548019409179688,"z":0.6000823974609375},"rotation":{"x":0.0032781767658889295,"y":-0.684493899345398,"z":0.003080581082031131,"w":0.7290047407150269},"size":1.1873712539672852,"orthographic":true}