{"cameraMode":{"drawMode":0,"name":"Shaded","section":"Shading Mode"},"sceneLighting":false,"audioPlay":false,"sceneViewState":{"showFog":true,"showMaterialUpdate":false,"showSkybox":true,"showFlares":true,"showImageEffects":true,"showParticleSystems":true},"in2DMode":false,"pivot":{"x":-2.422715187072754,"y":1.2900457382202149,"z":6.67474889755249},"rotation":{"x":-0.13783685863018037,"y":0.13035084307193757,"z":-0.01831054873764515,"w":-0.9816691875457764},"size":0.7450408935546875,"orthographic":true}