{"cameraMode":{"drawMode":0,"name":"Shaded","section":"Shading Mode"},"sceneLighting":false,"audioPlay":false,"sceneViewState":{"showFog":true,"showMaterialUpdate":false,"showSkybox":true,"showFlares":true,"showImageEffects":true,"showParticleSystems":true},"in2DMode":false,"pivot":{"x":-3.583204984664917,"y":0.39007601141929629,"z":-0.2864593267440796},"rotation":{"x":-0.09640362858772278,"y":0.8509895205497742,"z":-0.16808249056339265,"w":-0.48813068866729739},"size":2.8563075065612795,"orthographic":true}