{"cameraMode":{"drawMode":0,"name":"Shaded","section":"Shading Mode"},"sceneLighting":false,"audioPlay":false,"sceneViewState":{"showFog":true,"showMaterialUpdate":false,"showSkybox":true,"showFlares":true,"showImageEffects":true,"showParticleSystems":true},"in2DMode":false,"pivot":{"x":0.11224365234375,"y":0.1212921142578125,"z":2.4287109375},"rotation":{"x":-0.013490982353687287,"y":-0.03597605600953102,"z":0.0004789311205968261,"w":-0.9992615580558777},"size":1.9732449054718018,"orthographic":true}