{"cameraMode":{"drawMode":0,"name":"Shaded","section":"Shading Mode"},"sceneLighting":false,"audioPlay":false,"sceneViewState":{"showFog":true,"showMaterialUpdate":false,"showSkybox":true,"showFlares":true,"showImageEffects":true,"showParticleSystems":true},"in2DMode":false,"pivot":{"x":-0.05271695554256439,"y":-0.0718993991613388,"z":2.0558183193206789},"rotation":{"x":0.018819743767380716,"y":0.0898624062538147,"z":0.0017014921177178622,"w":-0.9957749843597412},"size":1.0198420286178589,"orthographic":true}