{"cameraMode":{"drawMode":0,"name":"Shaded","section":"Shading Mode"},"sceneLighting":false,"audioPlay":false,"sceneViewState":{"showFog":true,"showMaterialUpdate":false,"showSkybox":true,"showFlares":true,"showImageEffects":true,"showParticleSystems":true},"in2DMode":false,"pivot":{"x":0.09149169921875,"y":0.095062255859375,"z":0.969970703125},"rotation":{"x":0.13608695566654206,"y":0.28313127160072329,"z":-0.04061321169137955,"w":0.9485081434249878},"size":7.023146152496338,"orthographic":true}