{"cameraMode":{"drawMode":0,"name":"Shaded","section":"Shading Mode"},"sceneLighting":false,"audioPlay":false,"sceneViewState":{"showFog":true,"showMaterialUpdate":false,"showSkybox":true,"showFlares":true,"showImageEffects":true,"showParticleSystems":true},"in2DMode":false,"pivot":{"x":0.305419921875,"y":0.68505859375,"z":0.24267578125},"rotation":{"x":0.23556384444236756,"y":0.35914042592048647,"z":-0.09418834000825882,"w":0.8981404900550842},"size":3.4569740295410158,"orthographic":true}