{"cameraMode":{"drawMode":0,"name":"Shaded","section":"Shading Mode"},"sceneLighting":false,"audioPlay":false,"sceneViewState":{"showFog":true,"showMaterialUpdate":false,"showSkybox":true,"showFlares":true,"showImageEffects":true,"showParticleSystems":true},"in2DMode":false,"pivot":{"x":1.0251258611679078,"y":1.4250000715255738,"z":1.475000023841858},"rotation":{"x":0.08848540484905243,"y":-0.668646514415741,"z":0.08063045889139176,"w":0.7338807582855225},"size":3.6041691303253176,"orthographic":true}