{"cameraMode":{"drawMode":0,"name":"Shaded","section":"Shading Mode"},"sceneLighting":false,"audioPlay":false,"sceneViewState":{"showFog":true,"showMaterialUpdate":false,"showSkybox":true,"showFlares":true,"showImageEffects":true,"showParticleSystems":true},"in2DMode":false,"pivot":{"x":-1.62353515625,"y":2.481201171875,"z":1.8427734375},"rotation":{"x":0.03997976705431938,"y":0.15821349620819093,"z":0.006401124410331249,"w":-0.9865744709968567},"size":5.256131649017334,"orthographic":true}