{"cameraMode":{"drawMode":0,"name":"Shaded","section":"Shading Mode"},"sceneLighting":false,"audioPlay":false,"sceneViewState":{"showFog":true,"showMaterialUpdate":false,"showSkybox":true,"showFlares":true,"showImageEffects":true,"showParticleSystems":true},"in2DMode":false,"pivot":{"x":-5.5093488693237309,"y":0.33031797409057619,"z":1.1079493761062623},"rotation":{"x":-0.052475083619356158,"y":0.0045073567889630798,"z":-0.00024447753094136715,"w":-0.998612105846405},"size":3.004087209701538,"orthographic":true}