{"cameraMode":{"drawMode":0,"name":"Shaded","section":"Shading Mode"},"sceneLighting":false,"audioPlay":false,"sceneViewState":{"showFog":true,"showMaterialUpdate":false,"showSkybox":true,"showFlares":true,"showImageEffects":true,"showParticleSystems":true},"in2DMode":false,"pivot":{"x":-1.1796045303344727,"y":0.3751782774925232,"z":-3.240114688873291},"rotation":{"x":-0.10058232396841049,"y":-0.8938524127006531,"z":0.2517136037349701,"w":-0.357143372297287},"size":2.8165476322174074,"orthographic":true}