{"cameraMode":{"drawMode":0,"name":"Shaded","section":"Shading Mode"},"sceneLighting":false,"audioPlay":false,"sceneViewState":{"showFog":true,"showMaterialUpdate":false,"showSkybox":true,"showFlares":true,"showImageEffects":true,"showParticleSystems":true},"in2DMode":false,"pivot":{"x":-1.1999999284744263,"y":3.226794958114624,"z":5.099999904632568},"rotation":{"x":-0.006863354239612818,"y":0.4022747278213501,"z":-0.0030232768040150406,"w":-0.9154883027076721},"size":8.008674621582032,"orthographic":true}