{"cameraMode":{"drawMode":0,"name":"Shaded","section":"Shading Mode"},"sceneLighting":false,"audioPlay":false,"sceneViewState":{"showFog":true,"showMaterialUpdate":false,"showSkybox":true,"showFlares":true,"showImageEffects":true,"showParticleSystems":true},"in2DMode":false,"pivot":{"x":0.0765380859375,"y":3.03369140625,"z":0.2109375},"rotation":{"x":0.06295790523290634,"y":-0.00091833301121369,"z":0.00006576532177859917,"w":0.998015820980072},"size":9.604690551757813,"orthographic":true}