{"cameraMode":{"drawMode":0,"name":"Shaded","section":"Shading Mode"},"sceneLighting":false,"audioPlay":false,"sceneViewState":{"showFog":true,"showMaterialUpdate":false,"showSkybox":true,"showFlares":true,"showImageEffects":true,"showParticleSystems":true},"in2DMode":false,"pivot":{"x":-1.4177781343460084,"y":1.4978046417236329,"z":6.6791510581970219},"rotation":{"x":-0.08421627432107926,"y":0.5919203758239746,"z":-0.062386829406023028,"w":-0.799153208732605},"size":2.0716779232025148,"orthographic":true}