{"cameraMode":{"drawMode":0,"name":"Shaded","section":"Shading Mode"},"sceneLighting":false,"audioPlay":false,"sceneViewState":{"showFog":true,"showMaterialUpdate":false,"showSkybox":true,"showFlares":true,"showImageEffects":true,"showParticleSystems":true},"in2DMode":false,"pivot":{"x":-7.631545066833496,"y":0.2676771879196167,"z":4.824238300323486},"rotation":{"x":0.15603403747081757,"y":-0.7757870554924011,"z":0.21095693111419679,"w":0.5738509893417358},"size":0.9936375617980957,"orthographic":true}