{"cameraMode":{"drawMode":0,"name":"Shaded","section":"Shading Mode"},"sceneLighting":false,"audioPlay":false,"sceneViewState":{"showFog":true,"showMaterialUpdate":false,"showSkybox":true,"showFlares":true,"showImageEffects":true,"showParticleSystems":true},"in2DMode":false,"pivot":{"x":-0.37802523374557497,"y":0.5135992765426636,"z":3.2680063247680666},"rotation":{"x":-0.10002484917640686,"y":0.07754037529230118,"z":-0.007826875895261765,"w":-0.9919280409812927},"size":5.036751747131348,"orthographic":true}