{"cameraMode":{"drawMode":0,"name":"Shaded","section":"Shading Mode"},"sceneLighting":false,"audioPlay":false,"sceneViewState":{"showFog":true,"showMaterialUpdate":false,"showSkybox":true,"showFlares":true,"showImageEffects":true,"showParticleSystems":true},"in2DMode":false,"pivot":{"x":1.0762897729873658,"y":0.3318262994289398,"z":0.9781243801116943},"rotation":{"x":0.11602027714252472,"y":0.6409003734588623,"z":-0.09882403910160065,"w":0.752342939376831},"size":2.564750909805298,"orthographic":true}