{"cameraMode":{"drawMode":0,"name":"Shaded","section":"Shading Mode"},"sceneLighting":false,"audioPlay":false,"sceneViewState":{"showFog":true,"showMaterialUpdate":false,"showSkybox":true,"showFlares":true,"showImageEffects":true,"showParticleSystems":true},"in2DMode":false,"pivot":{"x":-4.227146148681641,"y":0.33634519577026369,"z":6.798178672790527},"rotation":{"x":-0.08421627432107926,"y":0.5919203758239746,"z":-0.062386829406023028,"w":-0.799153208732605},"size":0.5693646669387817,"orthographic":true}