{"cameraMode":{"drawMode":0,"name":"Shaded","section":"Shading Mode"},"sceneLighting":false,"audioPlay":false,"sceneViewState":{"showFog":true,"showMaterialUpdate":false,"showSkybox":true,"showFlares":true,"showImageEffects":true,"showParticleSystems":true},"in2DMode":false,"pivot":{"x":92.01951599121094,"y":-95.0,"z":-290.36749267578127},"rotation":{"x":-0.06874402612447739,"y":-0.07623042166233063,"z":0.005260504316538572,"w":-0.9947037696838379},"size":1067.616943359375,"orthographic":true}