{"cameraMode":{"drawMode":0,"name":"Shaded","section":"Shading Mode"},"sceneLighting":false,"audioPlay":false,"sceneViewState":{"showFog":true,"showMaterialUpdate":false,"showSkybox":true,"showFlares":true,"showImageEffects":true,"showParticleSystems":true},"in2DMode":false,"pivot":{"x":-1.1796045303344727,"y":0.3742870092391968,"z":-3.240114688873291},"rotation":{"x":-0.018557582050561906,"y":0.9793165922164917,"z":-0.10618042200803757,"w":-0.17123198509216309},"size":2.8178436756134035,"orthographic":true}