{"cameraMode":{"drawMode":0,"name":"Shaded","section":"Shading Mode"},"sceneLighting":false,"audioPlay":false,"sceneViewState":{"showFog":true,"showMaterialUpdate":false,"showSkybox":true,"showFlares":true,"showImageEffects":true,"showParticleSystems":true},"in2DMode":false,"pivot":{"x":-5.5515265464782719,"y":0.14699237048625947,"z":0.04460611939430237},"rotation":{"x":0.21487459540367127,"y":0.283213347196579,"z":-0.06526938080787659,"w":0.93239426612854},"size":0.8057839274406433,"orthographic":true}