{"cameraMode":{"drawMode":0,"name":"Shaded","section":"Shading Mode"},"sceneLighting":false,"audioPlay":false,"sceneViewState":{"showFog":true,"showMaterialUpdate":false,"showSkybox":true,"showFlares":true,"showImageEffects":true,"showParticleSystems":true},"in2DMode":false,"pivot":{"x":-11.788543701171875,"y":0.0,"z":37.39028549194336},"rotation":{"x":-0.02398591861128807,"y":-0.03147311136126518,"z":0.0007487228722311556,"w":-0.9992164969444275},"size":1816.9400634765625,"orthographic":true}