{"cameraMode":{"drawMode":0,"name":"Shaded","section":"Shading Mode"},"sceneLighting":false,"audioPlay":false,"sceneViewState":{"showFog":true,"showMaterialUpdate":false,"showSkybox":true,"showFlares":true,"showImageEffects":true,"showParticleSystems":true},"in2DMode":false,"pivot":{"x":-4.919188499450684,"y":0.24956601858139039,"z":4.846698760986328},"rotation":{"x":-0.16703014075756074,"y":0.40651094913482668,"z":-0.07587257027626038,"w":-0.8950380682945252},"size":1.7787190675735474,"orthographic":true}