{"cameraMode":{"drawMode":0,"name":"Shaded","section":"Shading Mode"},"sceneLighting":false,"audioPlay":false,"sceneViewState":{"showFog":true,"showMaterialUpdate":false,"showSkybox":true,"showFlares":true,"showImageEffects":true,"showParticleSystems":true},"in2DMode":false,"pivot":{"x":1.0762897729873658,"y":0.33182623982429507,"z":0.9781243205070496},"rotation":{"x":-0.21697120368480683,"y":-0.16598080098628999,"z":0.03745707497000694,"w":-0.9612340331077576},"size":4.896417140960693,"orthographic":true}