{"cameraMode":{"drawMode":0,"name":"Shaded","section":"Shading Mode"},"sceneLighting":false,"audioPlay":false,"sceneViewState":{"showFog":true,"showMaterialUpdate":false,"showSkybox":true,"showFlares":true,"showImageEffects":true,"showParticleSystems":true},"in2DMode":false,"pivot":{"x":6.863437652587891,"y":1.1823692321777344,"z":-5.045841693878174},"rotation":{"x":0.15603403747081757,"y":-0.7757870554924011,"z":0.21095693111419679,"w":0.5738509893417358},"size":1.53830885887146,"orthographic":true}