{"cameraMode":{"drawMode":0,"name":"Shaded","section":"Shading Mode"},"sceneLighting":false,"audioPlay":false,"sceneViewState":{"showFog":true,"showMaterialUpdate":false,"showSkybox":true,"showFlares":true,"showImageEffects":true,"showParticleSystems":true},"in2DMode":false,"pivot":{"x":3.3862950801849367,"y":1.762518048286438,"z":-6.422703742980957},"rotation":{"x":-0.018557582050561906,"y":0.9793165922164917,"z":-0.10618042200803757,"w":-0.17123198509216309},"size":1.9791173934936524,"orthographic":true}