{"cameraMode":{"drawMode":0,"name":"Shaded","section":"Shading Mode"},"sceneLighting":false,"audioPlay":false,"sceneViewState":{"showFog":true,"showMaterialUpdate":false,"showSkybox":true,"showFlares":true,"showImageEffects":true,"showParticleSystems":true},"in2DMode":false,"pivot":{"x":0.990020751953125,"y":1.3338623046875,"z":-3.26025390625},"rotation":{"x":-0.262261301279068,"y":0.030402375385165216,"z":-0.008274937979876995,"w":-0.9644824266433716},"size":2.000878095626831,"orthographic":true}