{"cameraMode":{"drawMode":0,"name":"Shaded","section":"Shading Mode"},"sceneLighting":false,"audioPlay":false,"sceneViewState":{"showFog":true,"showMaterialUpdate":false,"showSkybox":true,"showFlares":true,"showImageEffects":true,"showParticleSystems":true},"in2DMode":false,"pivot":{"x":-7.631545066833496,"y":0.2676771879196167,"z":4.824238300323486},"rotation":{"x":-0.23345258831977845,"y":0.47408366203308108,"z":-0.13197937607765199,"w":-0.8386454582214356},"size":0.9936365485191345,"orthographic":true}