{"cameraMode":{"drawMode":0,"name":"Shaded","section":"Shading Mode"},"sceneLighting":false,"audioPlay":false,"sceneViewState":{"showFog":true,"showMaterialUpdate":false,"showSkybox":true,"showFlares":true,"showImageEffects":true,"showParticleSystems":true},"in2DMode":false,"pivot":{"x":1.4209060668945313,"y":0.6875,"z":2.27978515625},"rotation":{"x":-0.14646705985069276,"y":-0.00740841357037425,"z":0.0010864527430385352,"w":-0.9891872406005859},"size":4.060717582702637,"orthographic":true}