{"cameraMode":{"drawMode":0,"name":"Shaded","section":"Shading Mode"},"sceneLighting":false,"audioPlay":false,"sceneViewState":{"showFog":true,"showMaterialUpdate":false,"showSkybox":true,"showFlares":true,"showImageEffects":true,"showParticleSystems":true},"in2DMode":false,"pivot":{"x":-5.155821323394775,"y":0.37420281767845156,"z":3.068392515182495},"rotation":{"x":0.12203402817249298,"y":-0.8732687830924988,"z":0.28166255354881289,"w":0.37838536500930788},"size":3.2322306632995607,"orthographic":true}