{"cameraMode":{"drawMode":0,"name":"Shaded","section":"Shading Mode"},"sceneLighting":false,"audioPlay":false,"sceneViewState":{"showFog":true,"showMaterialUpdate":false,"showSkybox":true,"showFlares":true,"showImageEffects":true,"showParticleSystems":true},"in2DMode":false,"pivot":{"x":1.0762897729873658,"y":0.3318262994289398,"z":0.9781243801116943},"rotation":{"x":0.22421766817569734,"y":-0.3224807679653168,"z":0.0789240151643753,"w":0.916244387626648},"size":4.896417140960693,"orthographic":true}