{"cameraMode":{"drawMode":0,"name":"Shaded","section":"Shading Mode"},"sceneLighting":false,"audioPlay":false,"sceneViewState":{"showFog":true,"showMaterialUpdate":false,"showSkybox":true,"showFlares":true,"showImageEffects":true,"showParticleSystems":true},"in2DMode":false,"pivot":{"x":-0.2362060546875,"y":0.961822509765625,"z":1.97412109375},"rotation":{"x":-0.053849559277296069,"y":0.06736347079277039,"z":-0.0036490827333182098,"w":-0.9962676167488098},"size":13.506718635559082,"orthographic":true}