{"cameraMode":{"drawMode":0,"name":"Shaded","section":"Shading Mode"},"sceneLighting":false,"audioPlay":false,"sceneViewState":{"showFog":true,"showMaterialUpdate":false,"showSkybox":true,"showFlares":true,"showImageEffects":true,"showParticleSystems":true},"in2DMode":false,"pivot":{"x":1.0986981391906739,"y":0.3318262994289398,"z":-1.224778652191162},"rotation":{"x":0.08106691390275955,"y":0.9165806770324707,"z":-0.24039578437805177,"w":0.309059739112854},"size":3.8187496662139894,"orthographic":true}