{"cameraMode":{"drawMode":0,"name":"Shaded","section":"Shading Mode"},"sceneLighting":false,"audioPlay":false,"sceneViewState":{"showFog":true,"showMaterialUpdate":false,"showSkybox":true,"showFlares":true,"showImageEffects":true,"showParticleSystems":true},"in2DMode":false,"pivot":{"x":-0.6499999761581421,"y":1.0499999523162842,"z":2.004499912261963},"rotation":{"x":0.007394715677946806,"y":0.16777734458446504,"z":-0.0012504046317189932,"w":0.9857964515686035},"size":3.3410284519195558,"orthographic":true}