{"cameraMode":{"drawMode":0,"name":"Shaded","section":"Shading Mode"},"sceneLighting":false,"audioPlay":false,"sceneViewState":{"showFog":true,"showMaterialUpdate":false,"showSkybox":true,"showFlares":true,"showImageEffects":true,"showParticleSystems":true},"in2DMode":false,"pivot":{"x":6.1834716796875,"y":0.0789339542388916,"z":-17.830018997192384},"rotation":{"x":-0.2145574539899826,"y":0.5300880074501038,"z":-0.14073796570301057,"w":-0.8081860542297363},"size":5.56243896484375,"orthographic":true}