{"cameraMode":{"drawMode":0,"name":"Shaded","section":"Shading Mode"},"sceneLighting":false,"audioPlay":false,"sceneViewState":{"showFog":true,"showMaterialUpdate":false,"showSkybox":true,"showFlares":true,"showImageEffects":true,"showParticleSystems":true},"in2DMode":false,"pivot":{"x":-1.7736221551895142,"y":0.5063191056251526,"z":-3.232602834701538},"rotation":{"x":0.15603403747081757,"y":-0.7757870554924011,"z":0.21095693111419679,"w":0.5738509893417358},"size":2.0377705097198488,"orthographic":true}