{"cameraMode":{"drawMode":0,"name":"Shaded","section":"Shading Mode"},"sceneLighting":false,"audioPlay":false,"sceneViewState":{"showFog":true,"showMaterialUpdate":false,"showSkybox":true,"showFlares":true,"showImageEffects":true,"showParticleSystems":true},"in2DMode":false,"pivot":{"x":4.712456703186035,"y":0.4743554890155792,"z":3.25004243850708},"rotation":{"x":-0.20012708008289338,"y":-0.5241562724113464,"z":0.12826396524906159,"w":-0.8177761435508728},"size":5.2712860107421879,"orthographic":true}