{"cameraMode":{"drawMode":0,"name":"Shaded","section":"Shading Mode"},"sceneLighting":false,"audioPlay":false,"sceneViewState":{"showFog":true,"showMaterialUpdate":false,"showSkybox":true,"showFlares":true,"showImageEffects":true,"showParticleSystems":true},"in2DMode":false,"pivot":{"x":-1.8806352615356446,"y":0.21938906610012055,"z":-0.07281666994094849},"rotation":{"x":-0.21697120368480683,"y":-0.16598080098628999,"z":0.03745707497000694,"w":-0.9612340331077576},"size":2.6652841567993166,"orthographic":true}