{"cameraMode":{"drawMode":0,"name":"Shaded","section":"Shading Mode"},"sceneLighting":false,"audioPlay":false,"sceneViewState":{"showFog":true,"showMaterialUpdate":false,"showSkybox":true,"showFlares":true,"showImageEffects":true,"showParticleSystems":true},"in2DMode":false,"pivot":{"x":-1.7768495082855225,"y":0.49996405839920046,"z":-3.2314629554748537},"rotation":{"x":-0.10506182163953781,"y":0.8789914846420288,"z":-0.2277265340089798,"w":-0.40555721521377566},"size":2.000878095626831,"orthographic":true}