{"cameraMode":{"drawMode":0,"name":"Shaded","section":"Shading Mode"},"sceneLighting":false,"audioPlay":false,"sceneViewState":{"showFog":true,"showMaterialUpdate":false,"showSkybox":true,"showFlares":true,"showImageEffects":true,"showParticleSystems":true},"in2DMode":false,"pivot":{"x":-0.9193878173828125,"y":0.17431640625,"z":-3.37060546875},"rotation":{"x":0.0992189571261406,"y":0.14777915179729463,"z":-0.014896566979587078,"w":0.9839181900024414},"size":2.8165476322174074,"orthographic":true}