{"cameraMode":{"drawMode":0,"name":"Shaded","section":"Shading Mode"},"sceneLighting":false,"audioPlay":false,"sceneViewState":{"showFog":true,"showMaterialUpdate":false,"showSkybox":true,"showFlares":true,"showImageEffects":true,"showParticleSystems":true},"in2DMode":false,"pivot":{"x":-1.8836970329284669,"y":0.3900758624076843,"z":0.9309889674186707},"rotation":{"x":-0.06248912960290909,"y":-0.6791391968727112,"z":0.05820254981517792,"w":-0.7290250658988953},"size":4.484869480133057,"orthographic":true}