{"cameraMode":{"drawMode":0,"name":"Shaded","section":"Shading Mode"},"sceneLighting":false,"audioPlay":false,"sceneViewState":{"showFog":true,"showMaterialUpdate":false,"showSkybox":true,"showFlares":true,"showImageEffects":true,"showParticleSystems":true},"in2DMode":false,"pivot":{"x":-5.5093488693237309,"y":0.33031797409057619,"z":1.1079493761062623},"rotation":{"x":-0.06874402612447739,"y":-0.07623042166233063,"z":0.005260504316538572,"w":-0.9947037696838379},"size":3.004087209701538,"orthographic":true}