{"cameraMode":{"drawMode":0,"name":"Shaded","section":"Shading Mode"},"sceneLighting":false,"audioPlay":false,"sceneViewState":{"showFog":true,"showMaterialUpdate":false,"showSkybox":true,"showFlares":true,"showImageEffects":true,"showParticleSystems":true},"in2DMode":false,"pivot":{"x":-6.107753753662109,"y":0.4326498508453369,"z":4.822109699249268},"rotation":{"x":-0.21778851747512818,"y":0.3002094328403473,"z":-0.07061629742383957,"w":-0.9259890913963318},"size":0.5069586634635925,"orthographic":true}