{"cameraMode":{"drawMode":0,"name":"Shaded","section":"Shading Mode"},"sceneLighting":false,"audioPlay":false,"sceneViewState":{"showFog":true,"showMaterialUpdate":false,"showSkybox":true,"showFlares":true,"showImageEffects":true,"showParticleSystems":true},"in2DMode":false,"pivot":{"x":-1.64697265625,"y":4.9619140625,"z":-1.091796875},"rotation":{"x":-0.13449500501155854,"y":-0.037137504667043689,"z":0.005037074908614159,"w":-0.9902052879333496},"size":12.26666259765625,"orthographic":true}