{"cameraMode":{"drawMode":0,"name":"Shaded","section":"Shading Mode"},"sceneLighting":false,"audioPlay":false,"sceneViewState":{"showFog":true,"showMaterialUpdate":false,"showSkybox":true,"showFlares":true,"showImageEffects":true,"showParticleSystems":true},"in2DMode":false,"pivot":{"x":1.2680000066757203,"y":2.2730000019073488,"z":3.0},"rotation":{"x":0.147811159491539,"y":0.043581753969192508,"z":-0.006511694751679897,"w":0.9880334734916687},"size":12.350290298461914,"orthographic":true}