{"cameraMode":{"drawMode":0,"name":"Shaded","section":"Shading Mode"},"sceneLighting":false,"audioPlay":false,"sceneViewState":{"showFog":true,"showMaterialUpdate":false,"showSkybox":true,"showFlares":true,"showImageEffects":true,"showParticleSystems":true},"in2DMode":false,"pivot":{"x":-2.422715187072754,"y":1.2900457382202149,"z":6.67474889755249},"rotation":{"x":-0.08421627432107926,"y":0.5919203758239746,"z":-0.062386829406023028,"w":-0.799153208732605},"size":0.7450408935546875,"orthographic":true}