{"cameraMode":{"drawMode":0,"name":"Shaded","section":"Shading Mode"},"sceneLighting":false,"audioPlay":false,"sceneViewState":{"showFog":true,"showMaterialUpdate":false,"showSkybox":true,"showFlares":true,"showImageEffects":true,"showParticleSystems":true},"in2DMode":false,"pivot":{"x":-7.999598979949951,"y":0.2851434648036957,"z":4.815357685089111},"rotation":{"x":-0.21458666026592256,"y":0.38181257247924807,"z":-0.09162411093711853,"w":-0.8943024277687073},"size":1.082567572593689,"orthographic":true}