{"cameraMode":{"drawMode":0,"name":"Shaded","section":"Shading Mode"},"sceneLighting":false,"audioPlay":false,"sceneViewState":{"showFog":true,"showMaterialUpdate":false,"showSkybox":true,"showFlares":true,"showImageEffects":true,"showParticleSystems":true},"in2DMode":false,"pivot":{"x":-5.155821323394775,"y":0.3742028772830963,"z":3.068392515182495},"rotation":{"x":-0.01947835274040699,"y":0.04498971253633499,"z":-0.0008847550489008427,"w":-0.9987972378730774},"size":3.232231855392456,"orthographic":true}