{"cameraMode":{"drawMode":0,"name":"Shaded","section":"Shading Mode"},"sceneLighting":false,"audioPlay":false,"sceneViewState":{"showFog":true,"showMaterialUpdate":false,"showSkybox":true,"showFlares":true,"showImageEffects":true,"showParticleSystems":true},"in2DMode":false,"pivot":{"x":6.648860931396484,"y":0.4463280439376831,"z":-3.9515380859375},"rotation":{"x":-0.06874402612447739,"y":-0.07623042166233063,"z":0.005260504316538572,"w":-0.9947037696838379},"size":2.0347654819488527,"orthographic":true}