{"cameraMode":{"drawMode":0,"name":"Shaded","section":"Shading Mode"},"sceneLighting":false,"audioPlay":false,"sceneViewState":{"showFog":true,"showMaterialUpdate":false,"showSkybox":true,"showFlares":true,"showImageEffects":true,"showParticleSystems":true},"in2DMode":false,"pivot":{"x":-4.227146148681641,"y":0.33634519577026369,"z":6.798178672790527},"rotation":{"x":-0.21458666026592256,"y":0.38181257247924807,"z":-0.09162411093711853,"w":-0.8943024277687073},"size":0.7369655966758728,"orthographic":true}