{"cameraMode":{"drawMode":0,"name":"Shaded","section":"Shading Mode"},"sceneLighting":false,"audioPlay":false,"sceneViewState":{"showFog":true,"showMaterialUpdate":false,"showSkybox":true,"showFlares":true,"showImageEffects":true,"showParticleSystems":true},"in2DMode":false,"pivot":{"x":1.25,"y":1.4250000715255738,"z":1.475000023841858},"rotation":{"x":0.03446890786290169,"y":-0.03689036890864372,"z":0.0012810217449441553,"w":0.9987238645553589},"size":10.205354690551758,"orthographic":true}