{"cameraMode":{"drawMode":0,"name":"Shaded","section":"Shading Mode"},"sceneLighting":false,"audioPlay":false,"sceneViewState":{"showFog":true,"showMaterialUpdate":false,"showSkybox":true,"showFlares":true,"showImageEffects":true,"showParticleSystems":true},"in2DMode":false,"pivot":{"x":482.639892578125,"y":215.0,"z":94.16378784179688},"rotation":{"x":-0.08098278939723969,"y":0.18431326746940614,"z":-0.015248163603246212,"w":-0.9794068932533264},"size":1818.631591796875,"orthographic":true}