{"cameraMode":{"drawMode":0,"name":"Shaded","section":"Shading Mode"},"sceneLighting":false,"audioPlay":false,"sceneViewState":{"showFog":true,"showMaterialUpdate":false,"showSkybox":true,"showFlares":true,"showImageEffects":true,"showParticleSystems":true},"in2DMode":false,"pivot":{"x":5.402597427368164,"y":1.023785948753357,"z":6.320555686950684},"rotation":{"x":-0.20012708008289338,"y":-0.5241562724113464,"z":0.12826396524906159,"w":-0.8177761435508728},"size":3.9394209384918215,"orthographic":true}