{"cameraMode":{"drawMode":0,"name":"Shaded","section":"Shading Mode"},"sceneLighting":false,"audioPlay":false,"sceneViewState":{"showFog":true,"showMaterialUpdate":false,"showSkybox":true,"showFlares":true,"showImageEffects":true,"showParticleSystems":true},"in2DMode":false,"pivot":{"x":0.6333023309707642,"y":0.4914715886116028,"z":-2.960155487060547},"rotation":{"x":-0.018557582050561906,"y":0.9793165922164917,"z":-0.10618042200803757,"w":-0.17123198509216309},"size":2.029162645339966,"orthographic":true}