{"cameraMode":{"drawMode":0,"name":"Shaded","section":"Shading Mode"},"sceneLighting":false,"audioPlay":false,"sceneViewState":{"showFog":true,"showMaterialUpdate":false,"showSkybox":true,"showFlares":true,"showImageEffects":true,"showParticleSystems":true},"in2DMode":false,"pivot":{"x":-3.583204984664917,"y":0.39007604122161868,"z":-0.2864592671394348},"rotation":{"x":-0.01947835274040699,"y":0.04498971253633499,"z":-0.0008847550489008427,"w":-0.9987972378730774},"size":2.8563077449798586,"orthographic":true}