{"cameraMode":{"drawMode":0,"name":"Shaded","section":"Shading Mode"},"sceneLighting":false,"audioPlay":false,"sceneViewState":{"showFog":true,"showMaterialUpdate":false,"showSkybox":true,"showFlares":true,"showImageEffects":true,"showParticleSystems":true},"in2DMode":false,"pivot":{"x":-2.3391377925872804,"y":0.5280308127403259,"z":2.9405996799468996},"rotation":{"x":-0.01947835274040699,"y":0.04498971253633499,"z":-0.0008847550489008427,"w":-0.9987972378730774},"size":2.533113479614258,"orthographic":true}