{"cameraMode":{"drawMode":0,"name":"Shaded","section":"Shading Mode"},"sceneLighting":false,"audioPlay":false,"sceneViewState":{"showFog":true,"showMaterialUpdate":false,"showSkybox":true,"showFlares":true,"showImageEffects":true,"showParticleSystems":true},"in2DMode":false,"pivot":{"x":1.1416038274765015,"y":0.3684968054294586,"z":-3.300374984741211},"rotation":{"x":-0.018557582050561906,"y":0.9793165922164917,"z":-0.10618042200803757,"w":-0.17123198509216309},"size":3.2414448261260988,"orthographic":true}