{"cameraMode":{"drawMode":0,"name":"Shaded","section":"Shading Mode"},"sceneLighting":false,"audioPlay":false,"sceneViewState":{"showFog":true,"showMaterialUpdate":false,"showSkybox":true,"showFlares":true,"showImageEffects":true,"showParticleSystems":true},"in2DMode":false,"pivot":{"x":1.1490478515625,"y":0.218505859375,"z":3.05078125},"rotation":{"x":-0.16567140817642213,"y":-0.026611439883708955,"z":0.004464289173483849,"w":-0.9858118891716003},"size":2.8382558822631838,"orthographic":true}