{"cameraMode":{"drawMode":0,"name":"Shaded","section":"Shading Mode"},"sceneLighting":false,"audioPlay":false,"sceneViewState":{"showFog":true,"showMaterialUpdate":false,"showSkybox":true,"showFlares":true,"showImageEffects":true,"showParticleSystems":true},"in2DMode":false,"pivot":{"x":-8.28591251373291,"y":0.32358044385910036,"z":4.812544822692871},"rotation":{"x":-0.21458666026592256,"y":0.38181257247924807,"z":-0.09162411093711853,"w":-0.8943024277687073},"size":1.1755205392837525,"orthographic":true}