{"cameraMode":{"drawMode":0,"name":"Shaded","section":"Shading Mode"},"sceneLighting":false,"audioPlay":false,"sceneViewState":{"showFog":true,"showMaterialUpdate":false,"showSkybox":true,"showFlares":true,"showImageEffects":true,"showParticleSystems":true},"in2DMode":false,"pivot":{"x":-6.439897537231445,"y":0.18272262811660767,"z":-1.9470000267028809},"rotation":{"x":-0.22601954638957978,"y":0.008778686635196209,"z":-0.002044210908934474,"w":-0.9740810394287109},"size":12.00311279296875,"orthographic":true}