{"cameraMode":{"drawMode":0,"name":"Shaded","section":"Shading Mode"},"sceneLighting":false,"audioPlay":false,"sceneViewState":{"showFog":true,"showMaterialUpdate":false,"showSkybox":true,"showFlares":true,"showImageEffects":true,"showParticleSystems":true},"in2DMode":false,"pivot":{"x":-0.37802523374557497,"y":0.5135992765426636,"z":3.2680063247680666},"rotation":{"x":-0.16169758141040803,"y":0.6234924793243408,"z":-0.1338767558336258,"w":-0.7531189322471619},"size":5.036751747131348,"orthographic":true}