{"cameraMode":{"drawMode":0,"name":"Shaded","section":"Shading Mode"},"sceneLighting":false,"audioPlay":false,"sceneViewState":{"showFog":true,"showMaterialUpdate":false,"showSkybox":true,"showFlares":true,"showImageEffects":true,"showParticleSystems":true},"in2DMode":false,"pivot":{"x":-11.788543701171875,"y":0.0,"z":37.39028549194336},"rotation":{"x":-0.11472765356302262,"y":0.09374342858791352,"z":-0.010883677750825882,"w":-0.9889040589332581},"size":1225.1077880859375,"orthographic":true}