{"cameraMode":{"drawMode":0,"name":"Shaded","section":"Shading Mode"},"sceneLighting":false,"audioPlay":false,"sceneViewState":{"showFog":true,"showMaterialUpdate":false,"showSkybox":true,"showFlares":true,"showImageEffects":true,"showParticleSystems":true},"in2DMode":false,"pivot":{"x":0.78045654296875,"y":0.15496826171875,"z":0.00439453125},"rotation":{"x":-0.01402871124446392,"y":0.6259768009185791,"z":-0.011275862343609333,"w":-0.7796339988708496},"size":1.0239709615707398,"orthographic":true}