{"cameraMode":{"drawMode":0,"name":"Shaded","section":"Shading Mode"},"sceneLighting":false,"audioPlay":false,"sceneViewState":{"showFog":true,"showMaterialUpdate":false,"showSkybox":true,"showFlares":true,"showImageEffects":true,"showParticleSystems":true},"in2DMode":false,"pivot":{"x":-1.8836970329284669,"y":0.3900758624076843,"z":0.9309889674186707},"rotation":{"x":-0.03149450942873955,"y":0.00001347346551483497,"z":-0.000008158711352734827,"w":-0.9995039105415344},"size":4.484869480133057,"orthographic":true}