{"cameraMode":{"drawMode":0,"name":"Shaded","section":"Shading Mode"},"sceneLighting":false,"audioPlay":false,"sceneViewState":{"showFog":true,"showMaterialUpdate":false,"showSkybox":true,"showFlares":true,"showImageEffects":true,"showParticleSystems":true},"in2DMode":false,"pivot":{"x":3.8165249824523927,"y":0.21168556809425355,"z":-0.17646390199661256},"rotation":{"x":-0.21697120368480683,"y":-0.16598080098628999,"z":0.03745707497000694,"w":-0.9612340331077576},"size":2.207977294921875,"orthographic":true}