{
    "objDataList": [
        {
            "position": {
                "x": -3.0141170024871828,
                "y": 0.001048445701599121,
                "z": -0.3130192756652832
            },
            "rotation": {
                "x": 0.5023281574249268,
                "y": 0.49766093492507937,
                "z": 0.497660756111145,
                "w": -0.5023283958435059
            },
            "name": "sofa_4",
            "textures": [
                7,
                7,
                7,
                5,
                5,
                5,
                5,
                7,
                7,
                7
            ]
        },
        {
            "position": {
                "x": -3.181847095489502,
                "y": 0.0004342794418334961,
                "z": 1.6219286918640137
            },
            "rotation": {
                "x": 0.0026170937344431879,
                "y": 0.7071021199226379,
                "z": 0.7071017622947693,
                "w": -0.0026167836040258409
            },
            "name": "modular_kitchen_table_1",
            "textures": [
                9,
                9,
                3,
                5,
                5,
                0,
                0,
                0,
                0,
                0
            ]
        },
        {
            "position": {
                "x": -2378.24365234375,
                "y": -1418928.625,
                "z": 769.322998046875
            },
            "rotation": {
                "x": -0.6010529398918152,
                "y": 0.22858193516731263,
                "z": -0.008855811320245266,
                "w": -0.7657723426818848
            },
            "name": "vase_2",
            "textures": [
                -1,
                -1,
                0,
                0,
                0,
                0,
                0,
                0,
                0,
                0
            ]
        },
        {
            "position": {
                "x": -3.296234607696533,
                "y": 0.0031430721282958986,
                "z": 2.3824477195739748
            },
            "rotation": {
                "x": -0.7070900797843933,
                "y": 0.003302345285192132,
                "z": 0.0032881395891308786,
                "w": 0.7071081399917603
            },
            "name": "rack_3",
            "textures": [
                8,
                0,
                0,
                0,
                0,
                0,
                0,
                0,
                0,
                0
            ]
        },
        {
            "position": {
                "x": -3.2869367599487306,
                "y": 0.3956305980682373,
                "z": 2.6244540214538576
            },
            "rotation": {
                "x": -2.124311038187443e-8,
                "y": -0.01032385602593422,
                "z": -4.272018827577995e-8,
                "w": -0.9999467134475708
            },
            "name": "rack_5",
            "textures": [
                6,
                0,
                0,
                0,
                0,
                0,
                0,
                0,
                0,
                0
            ]
        },
        {
            "position": {
                "x": -1.8755525350570679,
                "y": 0.0004341602325439453,
                "z": -2.252206802368164
            },
            "rotation": {
                "x": 0.49489256739616396,
                "y": 0.505055844783783,
                "z": 0.5050557851791382,
                "w": -0.4948924779891968
            },
            "name": "chair_4",
            "textures": [
                7,
                5,
                5,
                5,
                5,
                7,
                0,
                0,
                0,
                0
            ]
        },
        {
            "position": {
                "x": -0.7617635726928711,
                "y": 0.005373716354370117,
                "z": 3.106524705886841
            },
            "rotation": {
                "x": -0.5054072737693787,
                "y": 0.5052669644355774,
                "z": 0.49435415863990786,
                "w": 0.4948563873767853
            },
            "name": "table_2",
            "textures": [
                4,
                5,
                0,
                0,
                0,
                0,
                0,
                0,
                0,
                0
            ]
        },
        {
            "position": {
                "x": -0.9446732997894287,
                "y": 0.0024356842041015627,
                "z": 2.3798251152038576
            },
            "rotation": {
                "x": -0.521640956401825,
                "y": 0.4773791432380676,
                "z": 0.4773828089237213,
                "w": 0.5216373801231384
            },
            "name": "chair_2",
            "textures": [
                5,
                4,
                5,
                0,
                0,
                0,
                0,
                0,
                0,
                0
            ]
        },
        {
            "position": {
                "x": 0.6088746190071106,
                "y": 0.00035321712493896484,
                "z": 2.6284823417663576
            },
            "rotation": {
                "x": -0.7021721005439758,
                "y": 0.08330271393060684,
                "z": 0.08328565955162049,
                "w": 0.7021955251693726
            },
            "name": "torchere_2",
            "textures": [
                5,
                -1,
                4,
                0,
                0,
                0,
                0,
                0,
                0,
                0
            ]
        },
        {
            "position": {
                "x": -114.47115325927735,
                "y": -56872.58203125,
                "z": 82.48059844970703
            },
            "rotation": {
                "x": 0.5513620972633362,
                "y": 0.5972834229469299,
                "z": 0.008835937827825547,
                "w": 0.5823867321014404
            },
            "name": "coffee_table_3",
            "textures": [
                -1,
                -1,
                -1,
                -1,
                0,
                0,
                0,
                0,
                0,
                0
            ]
        },
        {
            "position": {
                "x": -1.6471836566925049,
                "y": 0.0014206171035766602,
                "z": -0.522346019744873
            },
            "rotation": {
                "x": 0.005957596004009247,
                "y": -0.7070528864860535,
                "z": -0.7071208953857422,
                "w": -0.004558746702969074
            },
            "name": "coffee_table_3",
            "textures": [
                3,
                1,
                -1,
                7,
                0,
                0,
                0,
                0,
                0,
                0
            ]
        },
        {
            "position": {
                "x": -0.09417128562927246,
                "y": 0.0004355907440185547,
                "z": -3.2943077087402345
            },
            "rotation": {
                "x": -0.003415553132072091,
                "y": 0.7070983052253723,
                "z": 0.7070987820625305,
                "w": 0.0034155510365962984
            },
            "name": "tv_table_3",
            "textures": [
                7,
                5,
                1,
                0,
                0,
                0,
                0,
                0,
                0,
                0
            ]
        }
    ]
}