{
    "objDataList": [
        {
            "position": {
                "x": 0.0,
                "y": 0.0,
                "z": 1.0
            },
            "rotation": {
                "x": -0.7071068286895752,
                "y": 0.0,
                "z": 0.0,
                "w": 0.7071068286895752
            },
            "name": "flasket"
        }
    ]
}