{
    "objDataList": [
        {
            "position": {
                "x": 2.880472421646118,
                "y": -0.020514726638793947,
                "z": 2.93835711479187
            },
            "rotation": {
                "x": -0.7071257829666138,
                "y": -0.0000010224202924291604,
                "z": 0.000004068654106959002,
                "w": 0.7070878148078919
            },
            "name": "sofa_4",
            "textures": [
                -1,
                -1,
                7,
                -1,
                -1,
                -1,
                -1,
                -1,
                -1,
                3
            ]
        }
    ]
}