{
    "objDataList": [
        {
            "position": {
                "x": -1.6599260568618775,
                "y": 0.6647014617919922,
                "z": 1.3259406089782715
            },
            "rotation": {
                "x": -0.21815598011016847,
                "y": -0.6726124286651611,
                "z": 0.672613263130188,
                "w": -0.21815577149391175
            },
            "name": "sofa_4",
            "textures": [
                -1,
                -1,
                -1,
                -1,
                -1,
                -1,
                -1,
                5,
                3,
                -1
            ]
        },
        {
            "position": {
                "x": -3.308182716369629,
                "y": 0.47288358211517336,
                "z": 3.4323534965515138
            },
            "rotation": {
                "x": -5.70237261854345e-8,
                "y": -0.6192286610603333,
                "z": -7.450580596923828e-9,
                "w": 0.7852107882499695
            },
            "name": "sofa_4(Clone)",
            "textures": [
                -1,
                -1,
                -1,
                -1,
                -1,
                -1,
                -1,
                -1,
                -1,
                -1
            ]
        },
        {
            "position": {
                "x": 2.299318790435791,
                "y": 0.001191258430480957,
                "z": 1.479995608329773
            },
            "rotation": {
                "x": 0.7069676518440247,
                "y": -0.0028099033515900375,
                "z": -0.002869139891117811,
                "w": -0.7072345018386841
            },
            "name": "sofa_4(Clone)",
            "textures": [
                -1,
                -1,
                -1,
                -1,
                -1,
                -1,
                -1,
                -1,
                -1,
                -1
            ]
        },
        {
            "position": {
                "x": 1.7051376104354859,
                "y": 0.6647735834121704,
                "z": 2.822075366973877
            },
            "rotation": {
                "x": -0.7020484209060669,
                "y": 0.08413280546665192,
                "z": -0.08410134166479111,
                "w": -0.7021229267120361
            },
            "name": "sofa_4(Clone)",
            "textures": [
                -1,
                -1,
                -1,
                -1,
                -1,
                -1,
                -1,
                -1,
                -1,
                -1
            ]
        },
        {
            "position": {
                "x": 0.5850839018821716,
                "y": 0.6658982038497925,
                "z": 2.8246774673461916
            },
            "rotation": {
                "x": -0.616223156452179,
                "y": 0.34605976939201357,
                "z": 0.3467906713485718,
                "w": 0.616642415523529
            },
            "name": "sofa_4(Clone)",
            "textures": [
                -1,
                -1,
                -1,
                -1,
                -1,
                -1,
                -1,
                -1,
                -1,
                -1
            ]
        },
        {
            "position": {
                "x": 1.3156412839889527,
                "y": 0.3341270685195923,
                "z": 4.674926280975342
            },
            "rotation": {
                "x": -0.935792088508606,
                "y": 0.005202827043831348,
                "z": 0.013707789592444897,
                "w": 0.3522474467754364
            },
            "name": "sofa_4(Clone)",
            "textures": [
                -1,
                -1,
                -1,
                -1,
                -1,
                -1,
                -1,
                -1,
                -1,
                -1
            ]
        }
    ]
}