{
    "top": 1,
    "wall1": 18,
    "wall2": 4,
    "wall3": 2,
    "wall4": 9,
    "bottom": 1,
    "objDataList": [
        {
            "position": {
                "x": -0.04317368194460869,
                "y": -0.00024127960205078125,
                "z": 0.7850136756896973
            },
            "rotation": {
                "x": -0.7071048617362976,
                "y": 1.3480894267559052e-7,
                "z": -0.0000010214780559181236,
                "w": 0.707108736038208
            },
            "name": "cabinet_2",
            "textures": [
                9,
                -1,
                1,
                -1,
                0,
                0,
                0,
                0,
                0,
                0
            ]
        }
    ]
}