{
    "top": 1,
    "wall1": 18,
    "wall2": 4,
    "wall3": 2,
    "wall4": 9,
    "bottom": 1,
    "objDataList": [
        {
            "position": {
                "x": -0.04317562282085419,
                "y": -0.00024199485778808594,
                "z": 0.7850137948989868
            },
            "rotation": {
                "x": -0.7071000337600708,
                "y": 0.0000033443789106968326,
                "z": -0.0000028905919862154407,
                "w": 0.7071136236190796
            },
            "name": "cabinet_2",
            "textures": [
                9,
                -1,
                1,
                -1,
                0,
                0,
                0,
                0,
                0,
                0
            ]
        }
    ]
}