{
    "objDataList": [
        {
            "position": {
                "x": 4.470348358154297e-8,
                "y": 0.0007727146148681641,
                "z": 0.9999998807907105
            },
            "rotation": {
                "x": -0.7071070075035095,
                "y": 1.937150670983101e-7,
                "z": -4.470348002882929e-8,
                "w": 0.7071066498756409
            },
            "name": "brush"
        }
    ]
}