{
    "objDataList": [
        {
            "position": {
                "x": 1.5232903957366944,
                "y": 0.003994345664978027,
                "z": 2.344526529312134
            },
            "rotation": {
                "x": -0.7079429030418396,
                "y": -0.00012809893814846873,
                "z": 0.00021389541507232934,
                "w": 0.7062696814537048
            },
            "name": "coffee_table_1"
        },
        {
            "position": {
                "x": 0.5400773286819458,
                "y": 0.17693018913269044,
                "z": 1.8089898824691773
            },
            "rotation": {
                "x": -0.8366188406944275,
                "y": 0.0010197155643254519,
                "z": 0.0015361250843852759,
                "w": 0.5477824211120606
            },
            "name": "sofa_4"
        }
    ]
}