{
    "objDataList": [
        {
            "position": {
                "x": -1.3315643072128297,
                "y": -0.020729541778564454,
                "z": 1.7346857786178589
            },
            "rotation": {
                "x": -0.7069198489189148,
                "y": -0.000039918642869452015,
                "z": 0.00005161515582585707,
                "w": 0.707293689250946
            },
            "name": "sofa_3",
            "textures": [
                0,
                0,
                0,
                0,
                0,
                0,
                0,
                0,
                0,
                0
            ]
        },
        {
            "position": {
                "x": 3.500027894973755,
                "y": -0.02092921733856201,
                "z": 2.509971857070923
            },
            "rotation": {
                "x": -0.7073494791984558,
                "y": -0.000004269660166755784,
                "z": 0.000014005322555021849,
                "w": 0.7068641185760498
            },
            "name": "sofa_4",
            "textures": [
                0,
                0,
                0,
                0,
                0,
                0,
                0,
                0,
                0,
                0
            ]
        },
        {
            "position": {
                "x": -2.8755781650543215,
                "y": 0.16219854354858399,
                "z": 1.1231498718261719
            },
            "rotation": {
                "x": -0.7074556946754456,
                "y": 0.0000016644232800899773,
                "z": 5.705465468963666e-7,
                "w": 0.7067577838897705
            },
            "name": "mirror_3",
            "textures": [
                0,
                0,
                0,
                0,
                0,
                0,
                0,
                0,
                0,
                0
            ]
        },
        {
            "position": {
                "x": 2.6807589530944826,
                "y": 0.0006282329559326172,
                "z": 0.6847610473632813
            },
            "rotation": {
                "x": -0.6864360570907593,
                "y": 0.16970914602279664,
                "z": 0.1697121411561966,
                "w": 0.6864416599273682
            },
            "name": "shower",
            "textures": [
                0,
                0,
                0,
                0,
                0,
                0,
                0,
                0,
                0,
                0
            ]
        }
    ]
}