{
    "objDataList": [
        {
            "position": {
                "x": -0.7218115329742432,
                "y": 0.001208662986755371,
                "z": 0.966438353061676
            },
            "rotation": {
                "x": -0.7070379257202148,
                "y": 0.004947738256305456,
                "z": 0.0050666541792452339,
                "w": 0.7071402072906494
            },
            "name": "sofa_4",
            "textures": [
                -1,
                -1,
                -1,
                -1,
                -1,
                -1,
                -1,
                -1,
                -1,
                -1
            ]
        },
        {
            "position": {
                "x": -0.1610594391822815,
                "y": 0.4679117202758789,
                "z": 0.12547361850738526
            },
            "rotation": {
                "x": -0.9991256594657898,
                "y": -0.000185873155714944,
                "z": -0.00586027791723609,
                "w": 0.041396163403987887
            },
            "name": "sofa_4",
            "textures": [
                -1,
                -1,
                -1,
                -1,
                -1,
                -1,
                -1,
                -1,
                -1,
                -1
            ]
        },
        {
            "position": {
                "x": -0.7492019534111023,
                "y": 0.6646515130996704,
                "z": 2.49211049079895
            },
            "rotation": {
                "x": 0.7060171365737915,
                "y": -0.011704284697771073,
                "z": 0.011949493549764157,
                "w": 0.70799720287323
            },
            "name": "sofa_4",
            "textures": [
                -1,
                -1,
                -1,
                -1,
                -1,
                -1,
                -1,
                -1,
                -1,
                -1
            ]
        },
        {
            "position": {
                "x": -0.2695807218551636,
                "y": 0.0010578632354736329,
                "z": -2.2784223556518556
            },
            "rotation": {
                "x": -0.6170932054519653,
                "y": 0.3452751040458679,
                "z": 0.3453565835952759,
                "w": 0.6170169711112976
            },
            "name": "sofa_4",
            "textures": [
                -1,
                -1,
                -1,
                -1,
                -1,
                -1,
                -1,
                -1,
                -1,
                -1
            ]
        },
        {
            "position": {
                "x": -2.118150472640991,
                "y": 0.0010480880737304688,
                "z": -3.5603556632995607
            },
            "rotation": {
                "x": 0.6707160472869873,
                "y": -0.2239174097776413,
                "z": -0.22391709685325623,
                "w": -0.6707175970077515
            },
            "name": "sofa_4",
            "textures": [
                -1,
                -1,
                -1,
                -1,
                -1,
                -1,
                -1,
                -1,
                -1,
                -1
            ]
        },
        {
            "position": {
                "x": 0.26461243629455569,
                "y": 1.166237473487854,
                "z": 2.596270799636841
            },
            "rotation": {
                "x": 0.017015499994158746,
                "y": -0.042330868542194369,
                "z": -0.05870974808931351,
                "w": 0.9972320795059204
            },
            "name": "sofa_4",
            "textures": [
                -1,
                -1,
                -1,
                -1,
                -1,
                -1,
                -1,
                -1,
                -1,
                -1
            ]
        },
        {
            "position": {
                "x": -0.45981356501579287,
                "y": 1.1804616451263428,
                "z": -1.4574332237243653
            },
            "rotation": {
                "x": 0.831733763217926,
                "y": -0.04508544132113457,
                "z": 0.06893642991781235,
                "w": 0.5490301847457886
            },
            "name": "sofa_4",
            "textures": [
                -1,
                -1,
                -1,
                -1,
                -1,
                -1,
                -1,
                -1,
                -1,
                -1
            ]
        },
        {
            "position": {
                "x": -0.26489242911338808,
                "y": 0.4226226806640625,
                "z": 3.776987075805664
            },
            "rotation": {
                "x": -0.6937428116798401,
                "y": -0.1108563169836998,
                "z": 0.1165633276104927,
                "w": 0.7020291090011597
            },
            "name": "sofa_4",
            "textures": [
                -1,
                -1,
                -1,
                -1,
                -1,
                -1,
                -1,
                -1,
                -1,
                -1
            ]
        },
        {
            "position": {
                "x": 0.03137236833572388,
                "y": 0.6248490810394287,
                "z": -4.161533832550049
            },
            "rotation": {
                "x": -0.2948966920375824,
                "y": 0.12490628659725189,
                "z": -0.9465441107749939,
                "w": -0.038583043962717059
            },
            "name": "sofa_4",
            "textures": [
                -1,
                -1,
                -1,
                -1,
                -1,
                -1,
                -1,
                -1,
                -1,
                -1
            ]
        },
        {
            "position": {
                "x": -0.9910140037536621,
                "y": 0.46367597579956057,
                "z": 4.894018173217773
            },
            "rotation": {
                "x": -0.9980266690254211,
                "y": 0.00001332393912889529,
                "z": 0.0030871175695210697,
                "w": 0.06271678954362869
            },
            "name": "sofa_4",
            "textures": [
                -1,
                -1,
                -1,
                -1,
                -1,
                -1,
                -1,
                -1,
                -1,
                -1
            ]
        },
        {
            "position": {
                "x": 1.9598886966705323,
                "y": 0.4728841781616211,
                "z": -2.5021724700927736
            },
            "rotation": {
                "x": 1.8043057536942798e-7,
                "y": 0.9067074060440064,
                "z": -2.2351743567128325e-8,
                "w": 0.42176029086112978
            },
            "name": "sofa_4",
            "textures": [
                -1,
                -1,
                -1,
                -1,
                -1,
                -1,
                -1,
                -1,
                -1,
                -1
            ]
        },
        {
            "position": {
                "x": 4.2030463218688969,
                "y": 0.5721683502197266,
                "z": 2.258829116821289
            },
            "rotation": {
                "x": -0.20562680065631867,
                "y": 0.6979053020477295,
                "z": 0.11377033591270447,
                "w": 0.6765368580818176
            },
            "name": "sofa_4",