{
    "objDataList": [
        {
            "position": {
                "x": 2.7883360385894777,
                "y": 0.4551512598991394,
                "z": 0.5382566452026367
            },
            "rotation": {
                "x": -0.27695971727371218,
                "y": -0.9604297280311585,
                "z": 0.004334763158112764,
                "w": -0.029142901301383973
            },
            "name": "shower",
            "textures": [
                -1,
                -1,
                -1,
                -1,
                -1,
                -1,
                -1,
                0,
                0,
                0
            ]
        },
        {
            "position": {
                "x": -3.2028181552886965,
                "y": 0.32375818490982058,
                "z": -2.652350425720215
            },
            "rotation": {
                "x": 0.0006798486574552953,
                "y": -0.8167764544487,
                "z": -0.0009624214726500213,
                "w": -0.576953113079071
            },
            "name": "flasket",
            "textures": [
                -1,
                0,
                0,
                0,
                0,
                0,
                0,
                0,
                0,
                0
            ]
        },
        {
            "position": {
                "x": 2147.704345703125,
                "y": -1438431.625,
                "z": 2058.85400390625
            },
            "rotation": {
                "x": -0.7068506479263306,
                "y": 0.523577094078064,
                "z": -0.4559914171695709,
                "w": 0.13528157770633698
            },
            "name": "flasket",
            "textures": [
                -1,
                0,
                0,
                0,
                0,
                0,
                0,
                0,
                0,
                0
            ]
        },
        {
            "position": {
                "x": 1.2570075988769532,
                "y": 0.0010481774806976319,
                "z": 1.0411080121994019
            },
            "rotation": {
                "x": -0.5894141793251038,
                "y": -0.39062878489494326,
                "z": -0.3906288146972656,
                "w": 0.5894142985343933
            },
            "name": "sofa_3",
            "textures": [
                1,
                1,
                -1,
                -1,
                -1,
                1,
                -1,
                1,
                0,
                0
            ]
        },
        {
            "position": {
                "x": 0.021041274070739747,
                "y": 0.45580312609672549,
                "z": 0.02219933271408081
            },
            "rotation": {
                "x": -0.9216349124908447,
                "y": 0.000264972448348999,
                "z": 0.38805800676345827,
                "w": -0.00011232495307922363
            },
            "name": "shower",
            "textures": [
                -1,
                -1,
                -1,
                -1,
                -1,
                -1,
                -1,
                0,
                0,
                0
            ]
        },
        {
            "position": {
                "x": 0.7287605404853821,
                "y": 0.45734232664108279,
                "z": -2.9057211875915529
            },
            "rotation": {
                "x": -0.40019363164901736,
                "y": -0.5888791680335999,
                "z": -0.3890819549560547,
                "w": -0.5845354795455933
            },
            "name": "shower",
            "textures": [
                -1,
                1,
                -1,
                1,
                -1,
                -1,
                -1,
                0,
                0,
                0
            ]
        },
        {
            "position": {
                "x": -0.7516758441925049,
                "y": 0.2607851028442383,
                "z": -2.516510486602783
            },
            "rotation": {
                "x": -0.7016796469688416,
                "y": -0.701393187046051,
                "z": 0.08744042366743088,
                "w": 0.08970826864242554
            },
            "name": "flasket",
            "textures": [
                -1,
                0,
                0,
                0,
                0,
                0,
                0,
                0,
                0,
                0
            ]
        },
        {
            "position": {
                "x": 0.6563276052474976,
                "y": 0.009575370699167252,
                "z": -0.27810561656951907
            },
            "rotation": {
                "x": 1.6285684978356586e-7,
                "y": -0.8103262782096863,
                "z": 0.000001501651922808378,
                "w": 0.5859789252281189
            },
            "name": "mirror_2",
            "textures": [
                -1,
                -1,
                0,
                0,
                0,
                0,
                0,
                0,
                0,
                0
            ]
        },
        {
            "position": {
                "x": 74.3138656616211,
                "y": -573549.25,
                "z": 2398.556884765625
            },
            "rotation": {
                "x": -0.7811393141746521,
                "y": -0.5352067947387695,
                "z": 0.24534225463867188,
                "w": -0.20780335366725923
            },
            "name": "sofa_4",
            "textures": [
                -1,
                -1,
                -1,
                -1,
                -1,
                -1,
                -1,
                -1,
                -1,
                -1
            ]
        }
    ]
}