{
    "objDataList": [
        {
            "position": {
                "x": -0.498508095741272,
                "y": 0.004001498222351074,
                "z": 1.5527795553207398
            },
            "rotation": {
                "x": -0.7080742716789246,
                "y": -0.0002999500429723412,
                "z": 0.00031391787342727184,
                "w": 0.7061378359794617
            },
            "name": "coffee_table_1",
            "textures": [
                -1,
                -1,
                0,
                0,
                0,
                0,
                0,
                0,
                0,
                0
            ]
        },
        {
            "position": {
                "x": -0.5131917595863342,
                "y": 0.23815083503723145,
                "z": 1.558144211769104
            },
            "rotation": {
                "x": -0.7411401867866516,
                "y": -0.01418429147452116,
                "z": 0.06326469779014588,
                "w": 0.668212354183197
            },
            "name": "coffee_table_1",
            "textures": [
                -1,
                -1,
                0,
                0,
                0,
                0,
                0,
                0,
                0,
                0
            ]
        }
    ]
}