{
    "objDataList": [
        {
            "position": {
                "x": -0.13043485581874848,
                "y": -0.02128911018371582,
                "z": -1.8725814819335938
            },
            "rotation": {
                "x": 0.2915191352367401,
                "y": 0.643541157245636,
                "z": 0.6453094482421875,
                "w": -0.29059797525405886
            },
            "name": "sofa_4",
            "textures": [
                -1,
                -1,
                -1,
                -1,
                -1,
                6,
                -1,
                -1,
                -1,
                -1
            ]
        }
    ]
}