{
    "objDataList": [
        {
            "position": {
                "x": -2.678548574447632,
                "y": 0.0011048316955566407,
                "z": -1.7257227897644044
            },
            "rotation": {
                "x": 0.5547781586647034,
                "y": 0.43841567635536196,
                "z": 0.4383731186389923,
                "w": -0.5548350811004639
            },
            "name": "sofa_4",
            "textures": [
                7,
                7,
                7,
                5,
                5,
                5,
                5,
                7,
                7,
                7
            ]
        },
        {
            "position": {
                "x": 1.6119948625564576,
                "y": 0.31067800521850588,
                "z": -0.9077291488647461
            },
            "rotation": {
                "x": 0.5514060258865356,
                "y": 0.5519161224365234,
                "z": 0.4422866106033325,
                "w": 0.4424055516719818
            },
            "name": "modular_kitchen_table_1",
            "textures": [
                9,
                9,
                3,
                5,
                5,
                0,
                0,
                0,
                0,
                0
            ]
        },
        {
            "position": {
                "x": -2378.24365234375,
                "y": -1638732.125,
                "z": 769.322998046875
            },
            "rotation": {
                "x": -0.6010532379150391,
                "y": 0.22858192026615144,
                "z": -0.008855808526277542,
                "w": -0.7657721638679504
            },
            "name": "vase_2",
            "textures": [
                -1,
                -1,
                0,
                0,
                0,
                0,
                0,
                0,
                0,
                0
            ]
        },
        {
            "position": {
                "x": -2.5187153816223146,
                "y": 0.19503521919250489,
                "z": 3.063126564025879
            },
            "rotation": {
                "x": -0.5209370255470276,
                "y": -0.5209367275238037,
                "z": -0.4781472384929657,
                "w": -0.47814732789993288
            },
            "name": "rack_3",
            "textures": [
                8,
                0,
                0,
                0,
                0,
                0,
                0,
                0,
                0,
                0
            ]
        },
        {
            "position": {
                "x": -147.25323486328126,
                "y": -147960.796875,
                "z": -166.71231079101563
            },
            "rotation": {
                "x": -0.3957960903644562,
                "y": -0.11084408313035965,
                "z": -0.7245876789093018,
                "w": -0.5532014966011047
            },
            "name": "rack_5",
            "textures": [
                6,
                0,
                0,
                0,
                0,
                0,
                0,
                0,
                0,
                0
            ]
        },
        {
            "position": {
                "x": -1.6752644777297974,
                "y": 0.00041794776916503906,
                "z": -2.550766944885254
            },
            "rotation": {
                "x": 0.47130513191223147,
                "y": 0.5272679328918457,
                "z": 0.5273987650871277,
                "w": -0.4708615243434906
            },
            "name": "chair_4",
            "textures": [
                7,
                5,
                5,
                5,
                5,
                7,
                0,
                0,
                0,
                0
            ]
        },
        {
            "position": {
                "x": 2.7542169094085695,
                "y": 0.2982370853424072,
                "z": -0.23339581489562989
            },
            "rotation": {
                "x": 0.05693899095058441,
                "y": -0.988905668258667,
                "z": 0.028258105739951135,
                "w": -0.13425755500793458
            },
            "name": "chair_2",
            "textures": [
                5,
                4,
                5,
                0,
                0,
                0,
                0,
                0,
                0,
                0
            ]
        },
        {
            "position": {
                "x": -114.47115325927735,
                "y": -276677.09375,
                "z": 82.48059844970703
            },
            "rotation": {
                "x": 0.551361620426178,
                "y": 0.5972840785980225,
                "z": 0.008835929445922375,
                "w": 0.5823865532875061
            },
            "name": "coffee_table_3",
            "textures": [
                -1,
                -1,
                -1,
                -1,
                0,
                0,
                0,
                0,
                0,
                0
            ]
        },
        {
            "position": {
                "x": -1.236985445022583,
                "y": 0.0014214515686035157,
                "z": -0.8573014736175537
            },
            "rotation": {
                "x": -0.12031514942646027,
                "y": -0.6965197920799255,
                "z": -0.6968353390693665,
                "w": 0.1216757521033287
            },
            "name": "coffee_table_3",
            "textures": [
                3,
                1,
                -1,
                7,
                0,
                0,
                0,
                0,
                0,
                0
            ]
        },
        {
            "position": {
                "x": -0.09417136013507843,
                "y": 0.00043582916259765625,
                "z": -3.294307231903076
            },
            "rotation": {
                "x": -0.003415449522435665,
                "y": 0.7070984244346619,
                "z": 0.7070987224578857,
                "w": 0.003415448125451803
            },
            "name": "tv_table_3",
            "textures": [
                7,
                5,
                1,
                0,
                0,
                0,
                0,
                0,
                0,
                0
            ]
        }
    ]
}